{"loss": [1.503746747970581, 0.49177122116088867, 0.2819448411464691, 0.19077487289905548, 0.13997025787830353, 0.10832790285348892, 0.08529074490070343, 0.07429349422454834, 0.06580822169780731, 0.057664655148983], "accuracy": [0.5601251721382141, 0.8439576029777527, 0.9096664190292358, 0.9376769065856934, 0.9537236094474792, 0.9645494222640991, 0.9716338515281677, 0.9753894209861755, 0.9784906506538391, 0.9812646508216858], "val_loss": [0.7244058847427368, 0.32288044691085815, 0.2018786072731018, 0.19673334062099457, 0.1852627545595169, 0.12469150125980377, 0.1227012425661087, 0.12996627390384674, 0.10709140449762344, 0.11437790095806122], "val_accuracy": [0.7797632813453674, 0.8952310681343079, 0.9356362223625183, 0.9361484050750732, 0.9396198391914368, 0.9598793387413025, 0.9626678824424744, 0.959822416305542, 0.9687570929527283, 0.9670498371124268]}